<?xml version="1.0" encoding="UTF-8" standalone="yes"?>
<products>
    <product name="TRAMADOL HYDROCHLORIDE" price="516.48" seller="Ann Stevens"/>
    <product name="Allopurinol" price="518.50" seller="Nicole Harris"/>
    <product name="Parsley" price="519.06" seller="Fox"/>
    <product name="equaline" price="520.45" seller="Stewart"/>
    <product name="Extra Strength Pain Reliever PM" price="542.72" seller="Jonathan Rodriguez"/>
    <product name="Propranolol Hydrochloride" price="546.95" seller="Ann Stevens"/>
    <product name="Prednisone" price="550.72" seller="Thomas Snyder"/>
    <product name="TERSI" price="554.91" seller="Benjamin Henry"/>
    <product name="DAYWEAR PLUS MULTI PROTECTION TINTED MOISTURIZER" price="555.12" seller="Nicole Harris"/>
    <product name="PLANTAGO LANCEOLATA POLLEN" price="561.68" seller="Bennett"/>
    <product name="Echinacea Quartz Gum Support" price="570.08" seller="Rachel Johnson"/>
    <product name="Topiramate" price="578.77" seller="Betty Lawson"/>
    <product name="AIR" price="581.69" seller="Baker"/>
    <product name="Agaricus Equisetum Special Order" price="585.93" seller="Brandon Fuller"/>
    <product name="Gemcitabine" price="594.79" seller="Lawson"/>
    <product name="Ketorolac Tromethamine" price="608.18" seller="Sandra Riley"/>
    <product name="Pleo Ginkgo" price="613.65" seller="Carl Daniels"/>
    <product name="Diastat" price="614.14" seller="Fred Allen"/>
    <product name="No7 Protect and Perfect Foundation Sunscreen Broad Spectrum SPF 15 Cool Ivory" price="616.19" seller="Jennifer Riley"/>
    <product name="Glipizide" price="621.78" seller="Christine Gomez"/>
    <product name="AMARANTHUS PALMERI POLLEN" price="623.16" seller="Bonnie Fox"/>
    <product name="Foaming Hand Sanitizer" price="624.72" seller="Mitchell"/>
    <product name="ziprasidone hydrochloride" price="628.66" seller="Patricia Cooper"/>
    <product name="AVANDAMET" price="632.08" seller="Baker"/>
    <product name="Imipramine Hydrochloride" price="648.69" seller="Christina Patterson"/>
    <product name="Childrens Allegra Allergy" price="650.97" seller="Patricia Cooper"/>
    <product name="Strattera" price="658.54" seller="Sandra Riley"/>
    <product name="Amitiza" price="666.58" seller="Benjamin Henry"/>
    <product name="ENBREL" price="673.97" seller="Gary Stevens"/>
    <product name="Ampicillin" price="674.63" seller="Lawson"/>
    <product name="PRIMAXIN" price="686.66" seller="Cunningham"/>
    <product name="CLARINS Ever Matte SPF 15 - 105 Nude" price="696.06" seller="Fox"/>
    <product name="CALMING DIAPER RASH" price="700.92" seller="Gloria Alexander"/>
    <product name="Acnezzol Base" price="710.60" seller="Betty Lawson"/>
    <product name="Prostate" price="716.05" seller="Brandon Fuller"/>
    <product name="Pleo Lat" price="720.08" seller="Marie Williamson"/>
    <product name="GOONG SECRET CALMING BATH" price="742.47" seller="Fred Barnes"/>
    <product name="Warfarin Sodium" price="770.05" seller="Doris Cook"/>
    <product name="Pollens - Weeds and Garden Plants, Nettle Urtica dioica" price="782.77" seller="Sarah Day"/>
    <product name="Isosorbide Mononitrate" price="789.91" seller="Stewart"/>
    <product name="Naproxen" price="807.22" seller="Clarence Fowler"/>
    <product name="Meloxicam" price="809.18" seller="Lawson"/>
    <product name="Clarins Paris Skin Illusion - 114 cappuccino" price="811.42" seller="Mitchell"/>
    <product name="Azithromycin" price="813.87" seller="Patrick King"/>
    <product name="LV-FX" price="820.87" seller="Anna Clark"/>
    <product name="IOPE SUPER VITAL" price="824.68" seller="Fox"/>
    <product name="Aquafresh" price="849.93" seller="Jeremy Woods"/>
    <product name="RESCRIPTOR" price="850.52" seller="Bonnie Fox"/>
    <product name="Moore Medical Sinus Pain and Pressure Relief" price="855.39" seller="Harrison"/>
    <product name="Shopko Lip Treatment" price="861.42" seller="Anna Clark"/>
    <product name="Perrigo Benzoyl Peroxide" price="873.24" seller="Baker"/>
    <product name="ESIKA" price="879.37" seller="Nicole Harris"/>
    <product name="Levothyroxine Sodium" price="885.86" seller="Arthur Reynolds"/>
    <product name="EPZICOM" price="895.65" seller="Benjamin Henry"/>
    <product name="Myristica Argentum Sinus Relief" price="904.52" seller="Moreno"/>
    <product name="Aspirin" price="925.45" seller="Fred Barnes"/>
    <product name="Ranitidine" price="926.64" seller="Wanda Harris"/>
    <product name="Care One Hemorrhoidal" price="932.18" seller="Moreno"/>
    <product name="Spironolactone" price="933.69" seller="Carl Daniels"/>
    <product name="pain relief" price="938.23" seller="Christine Gomez"/>
    <product name="Glipizide and Metformin Hydrochloride" price="953.60" seller="Carl Daniels"/>
    <product name="Metformin Hydrochloride" price="953.99" seller="Cunningham"/>
    <product name="Homeopathic Rheumatism" price="967.08" seller="Kathy Gilbert"/>
    <product name="NEO-POLY-BAC HYDRO" price="967.32" seller="Sandra Riley"/>
    <product name="Clearskin" price="968.59" seller="Wanda Harris"/>
    <product name="Dawn Ultra Antibacterial Hand" price="969.86" seller="Kathy Gilbert"/>
    <product name="Megestrol Acetate" price="976.15" seller="Mitchell"/>
    <product name="Smooth texture Orange flavor" price="976.65" seller="Sarah Day"/>
    <product name="Retin-A MICRO" price="995.98" seller="Brenda Howell"/>
</products>
