<?xml version="1.0" encoding="UTF-8" standalone="yes"?>
<sales>
    <sale>
        <car make="Ferrari" model="F430" travelled-distance="92236854775807"/>
        <customer-name>Louann Holzworth</customer-name>
        <discount>0.4</discount>
        <price>2967.84</price>
        <price-with-discount>1780.704</price-with-discount>
    </sale>
    <sale>
        <car make="Citroen" model="C3" travelled-distance="214647"/>
        <customer-name>Francis Mckim</customer-name>
        <discount>0.2</discount>
        <price>5879.97</price>
        <price-with-discount>4703.976</price-with-discount>
    </sale>
    <sale>
        <car make="Alfa Romeo" model="Giulia" travelled-distance="214647"/>
        <customer-name>Ann Mcenaney</customer-name>
        <discount>0.5</discount>
        <price>1163.89</price>
        <price-with-discount>581.945</price-with-discount>
    </sale>
    <sale>
        <car make="Mercedes" model="W124" travelled-distance="2147647"/>
        <customer-name>Emmitt Benally</customer-name>
        <discount>0.5</discount>
        <price>5473.39</price>
        <price-with-discount>2736.695</price-with-discount>
    </sale>
    <sale>
        <car make="Opel" model="Vectra" travelled-distance="9223372854775807"/>
        <customer-name>Hipolito Lamoreaux</customer-name>
        <discount>0.5</discount>
        <price>5004.67</price>
        <price-with-discount>2502.335</price-with-discount>
    </sale>
    <sale>
        <car make="Nissan" model="Altima" travelled-distance="213647"/>
        <customer-name>Francis Mckim</customer-name>
        <discount>0.0</discount>
        <price>3758.40</price>
        <price-with-discount>3758.400</price-with-discount>
    </sale>
    <sale>
        <car make="Ford" model="Torino" travelled-distance="217"/>
        <customer-name>Audrea Cardinal</customer-name>
        <discount>0.2</discount>
        <price>3675.70</price>
        <price-with-discount>2940.560</price-with-discount>
    </sale>
    <sale>
        <car make="Toyota" model="Corolla" travelled-distance="92235807"/>
        <customer-name>Yvonne Mccalla</customer-name>
        <discount>0.4</discount>
        <price>5134.24</price>
        <price-with-discount>3080.544</price-with-discount>
    </sale>
    <sale>
        <car make="Nissan" model="Altima" travelled-distance="9223372775807"/>
        <customer-name>Donnetta Soliz</customer-name>
        <discount>0.1</discount>
        <price>6514.28</price>
        <price-with-discount>5862.852</price-with-discount>
    </sale>
    <sale>
        <car make="Fiat" model="500 (2007) Abarth 695 Tributo Maserati" travelled-distance="92236854775807"/>
        <customer-name>Yvonne Mccalla</customer-name>
        <discount>0.2</discount>
        <price>2555.21</price>
        <price-with-discount>2044.168</price-with-discount>
    </sale>
    <sale>
        <car make="Nissan" model="370Z" travelled-distance="2143647"/>
        <customer-name>Zada Attwood</customer-name>
        <discount>0.5</discount>
        <price>4299.29</price>
        <price-with-discount>2149.645</price-with-discount>
    </sale>
    <sale>
        <car make="Nissan" model="Rogue" travelled-distance="214647"/>
        <customer-name>Ann Mcenaney</customer-name>
        <discount>0.5</discount>
        <price>4841.91</price>
        <price-with-discount>2420.955</price-with-discount>
    </sale>
    <sale>
        <car make="Chevy" model="Matiz" travelled-distance="922337203685807"/>
        <customer-name>Sylvie Mcelravy</customer-name>
        <discount>0.0</discount>
        <price>11193.59</price>
        <price-with-discount>11193.590</price-with-discount>
    </sale>
    <sale>
        <car make="Fiat" model="Freemont" travelled-distance="2147647"/>
        <customer-name>Carri Knapik</customer-name>
        <discount>0.5</discount>
        <price>2363.56</price>
        <price-with-discount>1181.780</price-with-discount>
    </sale>
    <sale>
        <car make="Dacia" model="Sandero Stepway" travelled-distance="92233724775807"/>
        <customer-name>Teddy Hobby</customer-name>
        <discount>0.3</discount>
        <price>3495.20</price>
        <price-with-discount>2446.640</price-with-discount>
    </sale>
    <sale>
        <car make="Ford" model="Ranger" travelled-distance="9223372007"/>
        <customer-name>Carri Knapik</customer-name>
        <discount>0.4</discount>
        <price>2085.64</price>
        <price-with-discount>1251.384</price-with-discount>
    </sale>
    <sale>
        <car make="Nissan" model="Altima" travelled-distance="92233707"/>
        <customer-name>Cinthia Lasala</customer-name>
        <discount>0.2</discount>
        <price>5467.79</price>
        <price-with-discount>4374.232</price-with-discount>
    </sale>
    <sale>
        <car make="Nissan" model="GT-R" travelled-distance="21477"/>
        <customer-name>Jimmy Grossi</customer-name>
        <discount>0.05</discount>
        <price>5320.78</price>
        <price-with-discount>5054.7410</price-with-discount>
    </sale>
    <sale>
        <car make="Renault" model="Clio IV" travelled-distance="92234775807"/>
        <customer-name>Cinthia Lasala</customer-name>
        <discount>0.15</discount>
        <price>6460.61</price>
        <price-with-discount>5491.5185</price-with-discount>
    </sale>
    <sale>
        <car make="BMW" model="X6 M" travelled-distance="483647"/>
        <customer-name>Teddy Hobby</customer-name>
        <discount>0.0</discount>
        <price>2646.89</price>
        <price-with-discount>2646.890</price-with-discount>
    </sale>
</sales>
