<?xml version="1.0" encoding="UTF-8" standalone="yes"?>
<suppliers>
    <suppliers id="2" name="Agway Inc." parts-count="4"/>
    <suppliers id="4" name="Airgas, Inc." parts-count="7"/>
    <suppliers id="7" name="Caterpillar Inc." parts-count="4"/>
    <suppliers id="9" name="Cintas Corp." parts-count="3"/>
    <suppliers id="13" name="The Clorox Co." parts-count="3"/>
    <suppliers id="15" name="E.I. Du Pont de Nemours and Company" parts-count="2"/>
    <suppliers id="18" name="GenCorp Inc." parts-count="1"/>
    <suppliers id="20" name="Level 3 Communications Inc." parts-count="8"/>
    <suppliers id="22" name="Nicor Inc" parts-count="5"/>
    <suppliers id="25" name="Saks Inc" parts-count="6"/>
    <suppliers id="28" name="VF Corporation" parts-count="10"/>
    <suppliers id="30" name="Zale" parts-count="4"/>
</suppliers>
